cik,tic
1750,AIR
3197,CECE
859163,AVX
1800,ABT
2098,ACU
2186,BKTI
2178,AE
2488,AMD
2969,APD
353184,AIRT
766421,ALK
701288,ATRI
3453,MATX
3499,ALX
3545,ALCO
773840,HON
4127,SWKS
4447,HES
4457,UHAL
771497,ABM
1475922,PRI
4904,AEP
4962,AXP
4977,AFL
5272,AIG
744825,AMS
713425,AMSWA
5981,AVD
318154,AMGN
6176,AP
6281,ADI
6494,ANDR
821026,ANDE
6845,APOG
320193,AAPL
6951,AMAT
6955,EPAC
7039,TREC
352991,AOXY
7084,ADM
7536,ARW
1674862,ASH
744187,REX
769397,ADSK
8670,ADP
8818,AVY
8858,AVT
8868,AVP
8947,AZZ
9092,BMI
808362,BHI
9346,PTVCB
9389,BALL
9984,B
10048,BRN
10329,BSET
10456,BAX
109563,AIT
10795,BDX
732712,VZ
11199,BMS
764478,BBY
12208,BIO
720762,NIMU
715812,BSYN
1130464,BKH
12659,HRB
12927,BA
315213,RHI
13239,0141A
746598,BRC
14177,BRID
14195,BGGSQ
14272,BMY
14693,BF.B
14707,CAL
14930,BC
1104657,MTRN
934612,BRK3
746838,UIS
15847,BUKS
733269,RAMP
21175,CNA
356037,CSPI
277948,CSX
26058,CTS
16040,CBT
16058,CACI
1011659,0176A
16732,CPB
16875,CP
16918,STZ
790051,CSL
17843,CRS
726958,CASY
18172,CTAM
18230,CAT
18255,CATO
278166,CVCO
740664,RFIL
18926,LUMN
19446,CMD
19584,CHE
19617,JPM
19745,CPK
749647,CLSN
93410,CVX
703351,EAT
313927,CHD
20212,CHDN
716133,CBB
723254,CTAS
1400891,IHRT
764065,CLF
21076,CLX
317540,COKE
21344,KO
215466,CDE
21510,COHR
21535,COHU
1302573,OMED.2
21665,CL
830524,CCF
315293,AON
28412,CMA
22356,CBSH
22444,CMC
723612,CAR
22872,CHCR
1688568,DXC
23111,CTG
23197,CMTL
23217,CAG
1549346,SSTK
1726173,BH
732834,CLR
24491,CTB
711404,COO
24545,TAP
24741,GLW
25232,CUZ
25475,CRD.A
1584207,OMF
25895,CRWS
39263,CFR
723603,CULP
26172,CMI
26324,CW
109657,GTBP
30697,WEN
26780,DAN
313616,DHR
351998,DAIO
799165,DWSN
27419,TGT
27904,DAL
27996,DLX
730464,ATGE
939930,PYYX
28917,DDS
29002,DIOD
1744489,DIS
29332,DXYN
29534,DG
29644,DCI
29669,RRD
29905,DOV
1666700,DD
29989,OMC
1498301,ASNAQ
30554,DD.2
30625,FLS
67215,DY
720875,DYNT
30831,DYSL
31791,PKI
31107,EML
49600,EGP
350797,EV
32604,EMR
32621,MSN
1603923,WFRD
731802,ATO
1507605,MARA
33002,EBF
727510,ENZN
316253,ENZ
33185,EFX
33213,EQT
33488,ESCA
1282637,NEU
33992,KINS
746515,EXPD
34067,BOOM
764401,IIIN
34088,XOM
34563,FARM
310522,FNMA
34903,FRT
794367,M
35214,FOE
320017,CLBS
1281761,RF
36146,TRMK
798941,FCNCA
36270,MTB
36966,FHN
37472,FLXS
1128928,FLO
1124198,FLR
37996,F
352825,FSTR
38777,BEN
39368,FUL
40211,GATX
354190,AJG
39911,GPS
40888,AJRD
40533,GD
40570,JOB
40729,ALLY
1467858,GM
88205,SPXC
355811,GNTX
40987,GPC
1052752,GTY
719274,GIGA
42316,GV
42582,GT
42888,GGG
43920,GEF
1273931,MGI
1589061,GYRO
202058,LHX
45876,HSC
46129,AMOT
216085,HVT
46250,HWKN
731012,HCSG
766704,WELL
874238,STRL
719413,HL
46619,HEI
1637459,KHC
916789,HELE
46765,HP
47111,HSY
47217,HPQ
717605,HXL
47307,CRAWA
47518,HRC
1585689,HLT
354950,HD
833795,HOFD
48287,HNI
48465,HRL
357294,HOV
1029800,UBA
48898,HUBB
728535,JBHT
49196,HBAN
315374,HURC
1093082,HBP
49728,IEC
216228,ITT
52827,RYN
49826,ITW
50292,IEHC
1466258,TT
1481582,RYI
50725,GFF
51143,IBM
51253,IFF
808450,NAV
1405495,IDCC
51434,IP
51548,ISCA
895728,ENB
51644,IPG
742112,IVC
728391,AES4
719209,ISRL
52795,AXE
52988,J
105634,EME
1084580,LUK2
200406,JNJ
833444,JCI
319201,KLAC
1506307,KMI
54381,KAMN
54480,KSU
55067,K
55135,KELYA
55529,KEQU
719733,KTCC
55772,KBAL
55785,KMB
56047,KEX
56873,KR
56978,KLIC
763532,LYTS
60714,LXU
57131,LZB
707549,LRCX
57515,LANC
703604,DSGR
58361,LEE
58492,LEG
704051,LM
920760,LEN
59478,LLY
701985,BBWI
59527,LECO
59558,LNC
936468,LMT
60086,L
315852,RRC
60519,LPX
16099,LUB
60977,LDL
67716,MDU
68709,MTSC
61986,MTW
101778,MRO
62234,MCS
62709,MMC
62996,MAS
749038,CCUR
63276,MAT
319815,MXWL
54187,MAYS
63754,MKC
708819,MDRIQ
63908,MCD
752714,MGRC
64040,SPGI
927653,MCK
1613103,MDT
225628,PSSR
310158,MRK
65011,MDP
724004,MLAB
65270,MEI
65312,EVI
66418,MXC
65596,SIEB
1593936,MIK
723125,MU
66004,MSEX
66382,MLKN
66570,MSA
316300,EXCE
66740,MMM
66756,ALE
67347,MOD
67625,MNR
67887,MOG.A
68505,MSI
717423,MUR
69422,INTG
69488,MYE
70858,BAC
72162,NL
73290,BMRA
69633,NSSC
69733,NATH
70145,NFG
1047335,NHC
70318,THC
80172,NPK
275053,NATR
356309,NJR
71691,NYT
1164727,NEM
71829,NR
320187,NKE
72207,NBL
709005,NROM
72331,NDSN
72333,JWN
702165,NSC
789933,NC
72573,MOV
1111711,NI
72903,XEL
73124,NTRS
97216,TEX
110019,WMB2
73088,NWE
1587987,NEWT
797468,OXY
350737,OBCI
350868,ITI
1525221,VTOL
1031296,FE
74046,ODC
1021635,OGE
74303,OLN
712770,OLP
1039684,OKE
1466593,OTTR
75208,OSG
75252,OMI
1370946,OC
812074,OI
75340,PFIN
79879,PPG
75362,PCAR
708821,PAR
76267,PKE
76282,PKOH
76321,PKDC
76334,PH
943861,GDP
723531,PAYX
1042046,AFG
77159,ROCC
1166126,CPPRQ
77281,PEI
77360,PNR
77476,PEP
77543,TPC
77877,PDCE
350403,PHIKQ
764180,MO
1163165,COP
78239,PVH
278130,PIRRQ
88948,SENEA
78749,AGYS
1230245,PIPR
78814,PBI
1532619,PW
914025,POLY
1546296,IPDN
1338749,PCH
80420,POWL
80424,PG
355429,PL.
276720,PCYO
100591,AGX
708818,NXGN
720500,ASYS
715788,QTHE
700841,RCMT
720005,RJF
110621,RPM
82166,RAVN
1047122,RTN
82811,RRX
716643,RGS
83246,HBC2
350698,AN
355948,RELL
84129,RAD
1069533,RGCO
1024478,ROK
84748,ROG
85408,RDC
85535,RGLD
85961,R
350894,SEIC
766829,SJW
315545,PVCT
87347,SLB
866729,SCHL
87802,SCND
88000,SLGD
88121,SEB
317788,APPS
1012100,SEE
88790,IIN
88941,SMTC
89089,SCI
89800,SHW
314203,MUX
91419,SJM
91440,SNA
91576,KEY
320575,PESXQ
92380,LUV
92521,NCE2
743238,SHYF
718937,STAA
93389,SMP
310354,SXI
93556,SWK
93676,SCX
93751,STT
94049,SCL
1393311,PSA
310764,SYK
1593538,NAVI
95029,RGR
750556,STI
95574,SGC
724742,TPHS
95953,SYNL
96021,SYY
98338,TSRI
318833,TISI
96699,TCCO
96793,SSY
96943,TFX
1051512,TDS
1024725,TEN
97476,TXN
217346,TXT
97745,TMO
701374,SIX
98362,TKR
730349,TOFB
737758,TTC
721683,TSS
99106,TNLX
99302,TRNS
99780,TRN
93314,VNRX
100378,TWIN
860731,TYL
100493,TSN
884614,UGI
757011,USG
100716,UNAM
100726,UFI
717954,UNF
100790,DOW2
100885,UNP
798949,UNTC
74208,UDR
731766,UNH
752642,UMH
1090727,UPS
101594,USEG
101829,RTX
101830,S.4
310142,SXT
102037,UVV
352915,UHS
706698,UTMD
103379,VFC
102752,VSEC
102729,VMI
717720,VALU
203527,VAR
103145,VECO
103730,VSH
103872,VOLT
899689,VNO
1396009,VMC
105132,WDFC
104169,WMT
1618921,WBA
104889,GHC
104894,WRE
104918,AVA
105418,WMK
105770,WST
106040,WDC
106640,WHR
107263,WMB
107687,WGO
1617227,JAX
783325,WEC
110471,WWW
108312,WWD
850209,FL
108516,WOR
318996,KEGX
716006,YELL
109177,SPB
109198,TJX
109380,ZION
1083743,FLUX
775158,OSK
776867,WTM
1107843,QLYS
720672,SF
763744,LCII
764579,CASM
779152,JKHY
7789,ASB
1547903,NMIH
92230,TFC
778946,BXG
1547459,NGVC
773910,APC
786947,ACUR
878726,TUEM
1616262,RMCF
1499422,RBB
1495240,LAND
701719,ELA
768835,BIG
1113169,TROW
751364,NNN
1341439,ORCL
1024305,COTY
790703,TECD
791915,CY
791908,XOMA
792987,ASTE
785557,DLHC
783324,VGZ
793524,REFR
794619,AMWD
793733,SKYW
794170,TOL
724571,FREDQ
754811,GROW
795212,KSPN
784977,POR
1549848,HCRSQ
794172,VIVO
749251,IT
795403,WTS
788920,PDEX
906163,NVR
796505,CLFD
796343,ADBE
745308,JOE
45919,HHS
783412,DJCO
59255,VHI
785161,EHC
798081,LAKE
798287,PTSI
1224608,CNO
799292,MHO
798354,FISV
795266,KBH
318306,ABEO
715446,ANIX
719135,APYX
5513,UNM
351834,STKL
802481,PPC
36047,CLGX
728387,ISR
785956,JJSF
799233,HTLD
804753,CERN
1552275,SUN
797542,MRLA
844059,FRPH
707511,RGRX
785786,PLXS
727273,CDZI
50493,IMKTA
1548309,SHOS
790526,RDNT
807882,JACK
765880,PEAK
809933,EEI
766701,CMO
799698,CYTR
761648,CDR
810136,PLAB
811641,ICCC
704440,KRMD
812128,SAFM
80661,PGR
84246,RLI
766404,MSOF
813298,DXLG
813672,CDNS
1705873,BRY
794323,LVLT
812796,SNGX
815097,CCL
783280,DRE
805022,BPL
790816,BDN
769520,MIDD
803649,EQC
798783,UHT
816284,CELG
799850,CRMT
815094,ABMD
816956,CNMD
98246,TIF
1023844,NHLD
818479,XRAY
811532,FUN
1518587,6685B
813828,PARA
1555280,ZTS
806517,PMD
787253,NAII
811212,THMO
814547,FICO
1505512,RGLS
820081,CBM
1552800,TTSH
1549922,SMLP
933136,COOP
788329,JOUT
201533,CMS1
922358,FGPR
316709,SCHW
822818,CLH
819793,AIN
807863,MITK
815556,FAST
743316,MXIM
1180262,HLF
820313,APH
931015,PII
1038357,PXD
821130,USM
871763,MAN
720858,ITIC
826675,DX
789570,MGM
820608,QTXB
823768,WM
1571996,DELL
1527613,NUZE
1549966,SAMG
820318,IIVI
831259,FCX
825313,AB
704562,CDMO
800240,ODP
746514,NEN
833079,MTH
1037676,ARCH
1026655,CMT
11544,WRB
20286,CINF
835011,MGPI
826253,AUSI
1090012,DVN
836157,LNN
836809,AFTM
771856,CSBR
839087,VASO
1327811,WDAY
928022,CPE
814586,LWAY
813920,9614B
1055160,MFA
842183,RPT
1095651,STAR
845877,AGM
814184,CHFC
34782,SRCE
1538849,CAPL
839470,WWR
783005,EMMS
89439,MLI
1091748,ARGO
1555538,SXCP
842023,TECH
79282,BRO
1280263,AMBA
850429,TG
1293310,HGEN
832988,SIG
1178711,PRTK
1538217,SRAX
849145,HGBL
849399,NLOK
1132105,SPWH
1442236,QRHC
1512931,MRCC
1551152,ABBV
1517302,APAM
1553023,CONE
1533615,GMRE
1487918,OFS
851205,CGNX
1423902,WES
1177648,ENTA
1535929,VOYA
772406,CRUS
722723,HNGR
94845,LEVI
842162,LEA
821189,EOG
849636,RSPI
1328581,BCC
855612,ZIXI
855658,LSCC
1585790,ADSW
1562476,TMHC
717538,AROW
1555039,RESI.1
854775,DGII
356130,EMCI
1563665,BSTG
1555074,AAMC
712515,EA
1559053,PRTA
24090,CIA
726854,CHCO
868671,GBCI
712534,FRME
1438533,TVTX
1547546,LFT
1561387,BFYT
39311,IBCP
1388320,ATNM
1030469,OFG
1093672,PEBK
1561627,XONE
1506983,GCTK
64996,MCY
865058,NSEC
707179,ONB
230557,SIGI
811830,STD2
701869,IHC
936528,WAFD
715579,ACNB
1498382,KTRA
730708,SBCF
1347858,XXII
708955,FFBC
834365,BLFS
1724965,TALO
1532961,NVEE
1745916,PFSI
863110,ARTNA
1373707,TTPH
741516,AMNB
1389002,MRIN
1517130,PME
1533998,DRIO
1117480,CMRX
736772,CCNE
1118417,MODN
1509190,PETX
1407067,FSB
1606440,RBNC
1555177,EMESQ
1562401,AMH
1509261,RZLT
1368514,ADMA
1567345,HMTV
1303652,DATA
1380846,TSC
806279,CVLY
712771,CNOB
1362190,AEYE
1561894,HASI
1571498,EPZM
1169652,ECOM
1560672,EARN
1283699,TMUS
1174850,NIC
763563,CHMG
1556593,NRZ
1559909,HCAP
1476963,NHWK
1478242,IQV
1572910,PSXP
1575515,SFM
1293971,BLUE
1576940,CCS
1401708,NSTG
1517228,COMM
810958,CZNC
834285,FRBK
1275158,NDLS
37808,FNB
1375796,TLRA
1571283,REXR
1567892,MNKPF
1366340,FNJN
1537435,TGEN
1556266,GLG
1439222,AGIO
1574596,NWHM
1403708,EVOK
1098151,FDBC
1578735,NGHC
1023024,ANIP
1514732,SAEXQ
1556364,ORM
1675644,FVCB
1441693,MBII
714562,THFF
771999,DSS
1259515,CTRL
1580608,SC
740663,FLIC
1665918,USFD
1424929,FOXF
1575051,SIRE
1577791,OCSI
314489,BUSE
763907,FUNC
1581068,BRX
723646,FRAF
1534708,EAST
1535955,LPCN
1175505,FPRX
1433270,AR
1581990,PAGP
1579252,JASNQ
1370880,MNDT
1466085,IRT
1573516,MUSA
1280600,XLRN
840715,CLRO
1364954,CHGG
1576169,BNFT
1434316,FATE
1158114,AAOI
1581091,RMAX
1577916,PINC
1580670,LGIH
1384905,RNG
1513856,NTRP
1125345,MGNX
1584952,EPEGQ
876378,ASXC
1579298,BURL
1571123,SAIC
1393052,VEEV
1605301,CBFV
857005,PTC
12239,AIKI
1448893,ESNT
1583103,VLP
1571329,LRFC
1575965,GLPI
1411688,TCS
1418091,TWTR
1495932,EXPI
1253689,GLYC
1491487,TKAT
1438133,TNDM
1429560,TRVN
1326732,XNCR
1384101,VCYT
1399520,STKS
1586105,ZCOR
1586049,OXFD
1588972,SCTL
1361113,VRNS
1118237,MBTF
1669779,CWH
1574085,BHR
1044378,BIOC
788965,HNRG
894671,OVBC
1561743,KIN
1515673,RARE
357173,OSBC
1346830,CARA
716605,PWOD
1585583,TACO
1591588,AMRK
1579157,VNCE
1587246,CELPQ
1554859,SMLR
1133869,CAPR
875582,NTIC
1591763,ENBL
1294133,INGN
1442626,BRG
80035,PLPC
805676,PRK
1135657,ESESQ
1412270,CRCM
90498,SFNC
1590976,MBUU
852772,DENN
821002,GIII
854560,GSBC
914122,PPIH
315131,PHX
1592480,CBPX
1399529,DRNA
1579877,OUT
1587732,OGS
1587523,KN
1592016,AGFS
1591670,FPI
1591890,FGF
719220,STBA
1579684,GCI
1593195,TPCO
799288,LE
1590717,CTRE
1493761,HEAR
1409970,LC
1597033,SABR
1584831,OXBR
883948,AUB
1579910,RESN
1591698,PCTY
1115128,QUOT
1578348,ICMB
1595974,MGNI
1583771,HEPA
1598968,AM.2
1707178,CPLG
1635282,RMNI
1716697,FCBP
1513818,ARAV
1563407,SFS
1580808,ATEN
1307748,IVT
1517022,AKBA
737468,WASH
1410384,QTWO
1459417,TWOU
1288847,FIVN
1580345,TPVG
1596967,MC
1592000,ENLC
784011,POPE
908311,CMCT
1508655,TSLX
1575793,WATT
1314223,AMBR
1668397,MEDP
1261249,AGRX
1598428,TMST
1341235,ALDX
1590584,CVEO
17313,CSWC
1423824,ALDR
1178253,SCYX
1328143,ADMS
1591096,LENSF
1474903,BGSF
1372612,BOX
726601,CCBG
1069899,PAHC
1590955,PAYC
1604028,WMS
1596946,QTNT
1582982,MTBC
1600422,SDPI
825542,SMG
857737,ICON
1598646,NERV
1596783,CTLT
1463172,ZEN
1601046,KEYS
1599617,DNOW
1594466,PE
1462120,LOB
1470099,MOBL
884713,PRMW
1594686,WPGGQ
1592379,FRSH.2
1176948,ARES
1598665,HRTG
858339,CZR.3
1600470,MR
1606163,LMB
1602065,VNOM
1582568,PBFX
858470,CTRA
1578620,ABDC.1
1326706,NAOV
1267813,MRNS
1173420,NG
1602658,ISTR
1500435,GPRO
1437402,ARDX
1395937,SNDX
1603145,NEP
1297184,AMPH
1601548,VEC
1606757,KE
893691,DOOR
1606745,LTRPA
1553643,RLMD
1599947,TERP
1606268,VIA
1596532,ANET
858877,CSCO
1428336,HQY
1484565,SLNO
859737,HOLX
1601545,BHBK
1371285,TRUP
1597553,SAGE
1610466,SHLX
1325618,IRMD
1704720,CNNE
1304492,ATEX
1610853,HSDT
1587221,ZSANQ
1521036,LNTH
1437786,IMDZ
1604464,ATRA
1393434,OCUL
1501756,ADVM
1607678,VKTX
1492674,TTOO
1584754,AKTS
1610092,DPLO
1607962,RWLK
849401,ADMT
1606366,LOCO
357097,FCSC
896747,ABMC
1493566,OTIC
1611983,LBRDK
748592,NTN
844965,TTI
857949,CGA
1029125,PBLA
1590418,FCUV
1606498,AVNS
1266806,EYES
861459,GVA
1609253,CRC
1608249,ZAYO
860748,KMPR
856984,USAQ
1494319,UNVR
1528557,CVRS
1616707,W
824142,AAON
1356093,CREX
944745,CIVB
1649904,RYTM
1605607,PGRE
1613665,GWB
1557883,DERM.2
1607716,VSLR
1496671,CALA
1610682,USDP
1538990,STOR
1501570,VBTX
1610418,CNXM
1582313,XENE
1609702,CDK
1570827,VCTR
1506251,CTXR
1539638,TBK
1424755,TVPT
1530766,BSGM
759944,CFG
1679268,TUSK
879682,VIVE
1404655,HUBS
1616314,MRT
1610250,BOOT
921299,FGEN
1606909,PANL
1444380,NVRO
1566610,VERB
1445305,WK
1610114,SNR
1595097,CRBP
1551693,SIEN
1610950,SYNH
1505155,UPLD
1373670,GRBK
1071993,MCF
1612630,JYNT
315709,IBOC
1602078,NMRD
1604738,AINC
1615346,LMRK
1616862,AXTA
819689,MICR
1507079,FND
1617669,UFAB
1448056,NEWR
1470205,ICBK
768899,TBI
1358403,BLCM
1529628,SND
743988,XLNX
924383,GNSS
1731348,TLRY
1711291,CURO
821483,PARR
1611547,UE
825324,GTIM
1600438,GMS
1583648,PIRS
1506401,HIFR
57725,LCI
1616318,VSTO
10254,ESTE
1620533,SHAK
1506928,AVGR
1619954,INOV
1169987,HTGM
1616741,PATI
1627223,CC
315449,UQM
1522602,CWBR
864749,TRMB
863894,VERU
1614806,AJX
352955,CKX
1597846,GRNQ
1600132,BLPH
1556727,FNWB
1616000,XHR
1534154,AUID
851520,EXPO
1609711,GDDY
1620280,UNIT
1632790,ENR
1620393,NXRT
1619250,VLRXQ
1678463,FRTA
1597313,VRAY
1351051,GENN
1618563,NSA
1589526,BLBD
866273,MTRX
1634117,BNED
1632127,CABO
829323,INUV
1293818,OPGN
1633931,BLD
1633978,LITE
896156,ETD
1633651,TGE
811240,BIOL
1609951,NCOM
1626878,XBIT
1537917,TYME
1597264,BPMC
1621434,BSM
1163370,NRIM
1448431,OPRX
225648,CVA
861842,CATY
1637558,CCR
1637655,HZN
1267565,COLL
1631569,CHCT
1627606,DTEA
1621227,ADAP
858655,HAYN
1339970,LIFE
1636286,ALTA
1108109,CYH
868780,DORM
830122,VWTR
866368,PSB
866609,IOGPQ
872589,REGN
1061027,VIRX
1635718,GCI.1
1636222,WING
1635881,EXTN
1630805,BW
1636050,SIOX
1418121,APLE
1163302,X
1454789,ATXS
1404079,SSNY
867665,AXAS
20639,ABCP
313143,HAE
1635650,GPP
1305773,CFMS
844161,APEX
840489,FCFS
1319947,DBI
1604821,NTRA
1609809,MCRB
874716,IDXX
875355,ISIG
874761,AES
874866,CRVL
874977,STFC
870826,IMBI
1477449,TDOC
49754,DIN
811596,KALU
1520262,ALKS
875320,VRTX
876427,MNRO
876167,PRGS
876437,MTG
704415,TVTY
877212,ZBRA
876523,EZPW
1127703,PRA
69891,FIZZ
933141,IBKC
875045,BIIB
1636519,MSGS
1327688,OOMA
1641489,VTVT
925741,BCDA
1636282,AGLE
1624794,CSWI
878828,WTT
1641991,FLOW
1633917,PYPL
878927,ODFL
1040829,RHP
1552033,TRU
862861,JAN
875622,BSTC
1712184,LILAK
108385,WRLD
879101,KIM
1585364,PRGO
831641,TTEK
880807,AMSC
880242,BLGO
804328,QCOM
860546,OFC
874710,AHPI
867840,PEYE
1642453,HCAC.2
882095,GILD
882104,PDLI
880432,MSON
1640384,LMFA
1638290,MCFT
880984,ACFN
882835,ROP
1626853,MJCO
832489,GOVX
883241,SNPS
876343,LCTX
849146,LFVN
883237,VRTS
883945,USAK
1502292,CNFR
883943,CBKCQ
1707925,LIN
1621443,ZYNE
884144,ASUR
883980,FDC
771266,KOPN
884217,TLRDQ
715072,RNST
1302215,HLI
885245,BKE
1005284,OLED
885725,BSX
885639,KSS
764195,VBIV
736012,INTZ
1757898,STE
886206,FC
1504678,LOOP
885550,CACC
882184,DHI
1467652,NEOS
1408075,GPK
885307,JCTCF
1644406,TWNK
886128,FCEL
829224,SBUX
885508,STRS
796534,NKSH
886835,SPNX
887733,CENTA
1641614,PMTS
850460,WIRE
888491,OHI
1646972,ACI
887226,PRCP
878932,EQS
862668,ESMC
887596,CAKE
889331,LFUS
882361,APTO
1474432,PSTG
867374,EFII
887730,KEM
889609,CPSS
891014,MTX
872248,PQUEQ
891024,PDCO
1650729,SITE
1638833,SGRY
1557746,ACRS
892482,QUMU
886346,KAI
797465,STLY
810509,NAVB
885462,GURE
892553,GTLS
1124105,CBIO
893538,SM
859598,CKH
1196501,HMSY
875657,ULBI
1422143,KURA
1501989,CTMX
1498068,ARA
1646228,HOME
1590877,RGNX
1321732,PEN
1641640,NBRV
1534120,AVTX
1645590,HPE
1650445,QHCCQ
1370053,ANAB
1038773,SMBK
1395848,IOTS
1721741,LAZY
1642081,ABTX
1422841,WAAS
1355754,INST.1
1497504,PLXP
1640266,VYGR
1655075,AFIIQ
1227500,EQBK
1579428,AXSM
1646587,NRE
1621221,ARTL
1492422,APLS
1653653,RRR
1512673,SQ
1644675,MIME
1648893,NVTRQ
1650132,FCPT
1647513,NBLX
1631282,DTSS
1649096,CLPR
1651094,ELVT
1644378,RMR
924805,FRHC
1659166,FTV
1616543,SENS
1468666,SCWX
1651235,ACIA
1618732,NTNX
1539029,CLSD
1053691,DFFN
1644440,GCP
1649989,OTLK
1476204,PECO
844143,CTRCQ
1658566,CDEV
1659617,MBRX
1626971,CRVS
1494891,SRTS
1666138,ATKR
1656936,MGP
1305253,EIGR
1669600,LEXEA
1437491,ZEST
1653477,NGVT
1652130,NTLA
894627,EGY
1624322,BFST
1684144,ZOM
1625101,PLSE
1566469,NH
1667313,ZDGE
1670541,ADNT
1671584,APVO
8504,UAVS
1453687,SELB
1674910,VVV
1556263,SYRS
1557142,KDMN
1425450,KIDS
1455684,TPIC
1702744,SMPL
1675149,AA
1667161,RNDB
1670592,YETI
36377,FHB
1377121,PTGX
1655020,XOG
1272842,AIRG
1679049,INSW
1157601,MDGL
1420520,ATOM
1078207,NLS
887151,CAPS
895456,RCKY
894315,SITC
895126,CHK
886136,SGA
895419,WOLF
1669812,LKSDQ
1669811,DFIN
1639691,LIVN
784199,AORT
101984,UEIC
1578845,AGN
1649749,FBK
895417,ELS
1671933,TTD
1467154,NOVN
49071,HUM
892832,SDON
896841,AVID
896878,INTU
819913,HALL
896985,DESTQ
895447,SCVL
1676479,CSTR
827054,MCHP
1494582,BOC
897429,CHS
1674930,FLGT
897448,AMRN
1562528,FBRT
1673985,ASIX
1101680,DZSI
1385867,COUP
1438423,MRAM
1674416,CRSP
883569,FOSL
897723,SANM
745981,MSL
896622,ATR
898173,ORLY
884887,RCL
4281,HWM
1122976,AVNT
898437,ANIK
898174,RGA
899751,TWI
1402057,CDW
899749,HR
899629,AKR
1451505,RIG
899715,SKT
928054,FTK
899051,ALL
1680378,SNES
1388658,IRTC
1682325,GTYH
929351,LGF.A
884624,OFIX
901491,PZZA
903129,THRM
902791,BBSI
1679082,MYOV
902274,LBYYQ
1481512,RARX
1673358,YUMC
1355839,PALT
78890,BCO
906345,CPT
909724,TLFA
907242,MCRI
908598,ATRM
903651,INOD
906107,EQR
908255,BWA
891482,FLL
877422,SPTN
907254,BFS
908315,WINA
1618673,PFGC
1672326,YUMAQ
1679273,LW
879407,ARWR
846913,FTEK
774569,CLDB
86759,SFEF
907471,CASH
884650,IMCI
890491,BKS
913142,BDC
906465,QCRH
1681622,VREX
1651407,CKPT
910521,DECK
1675033,GECC
1322505,ALBO
909832,COST
911649,SDI
910108,LXP
1041368,RVSB
911216,PTN
910606,REG
889900,PTEN
879169,INCY
906780,NYNY
912562,ROCK
1681714,WRD
911147,CNTY
912767,UFPI
1652535,ICHR
912728,FWRD
821127,BPFH
912603,SCHN
912093,VIAV
1348911,KALV
1653558,PRTH
912593,SUI
1681682,NDRA
914156,UFPT
3570,LNG
1691337,PCSB
1688476,NEX
1675634,PIXY
1681206,NODK
910406,HAIN
914712,STCN
912595,MAA
1687187,METC
1640455,JNCE
1251769,APEN
915358,SGMA
915779,DAKT
915778,DSPG
916076,MLM
911109,MINI
916365,TSCO
915913,ALB
915840,BZH
1657788,KRP
916529,ARTX
914208,IVZ
918573,GRVE
1732845,WRK
1688941,FBM
882796,BCRX
709337,FMNB
912242,MAC
917470,ZEUS
915912,AVB
918541,NNBR
918965,SCSC
1141688,LARK
885590,BHC
1342423,LMNR
918580,GPIC
918160,AKS
1045609,PLD
700565,FMBH
881524,VVUSQ
918646,EXP
916907,SMBC
919012,AEO
917251,ADC
1433642,HLNE
713671,DNBF
1564408,SNAP
920424,ITG
866374,FLEX
864240,SYPR
1682220,SACH
61398,TELL
920371,SSD
1681941,IFMK
1697851,REKR
920465,LJPC
920522,ESS
921082,HIW
1590750,VRDN
921112,LPT
921825,FR
1691303,HCC
922521,FALC
921183,HMNF
1690769,AMRQQ
1687932,JILL
1047340,FDP
63296,MATW
922864,AIV
1697500,SOI
924822,MLR
1614178,YEXT
924901,VRE
916540,DAR
908937,SIRI
838875,WVVI
861884,RS
927355,TESS
1660134,OKTA
925645,CETV
726728,O
1016178,CARV
929940,AZPN
928658,CVLG
822662,LION.1
925528,HDSN
1698209,VEAC
1681459,FTI
927628,COF
1579214,EEX
1690820,CVNA
1535379,CLDR
1692427,NCSM
1615165,VERI
929545,CDOR
1672909,CPHC
1574197,FPH
1623925,AM
1636651,OVID
1659122,ROSEQ
931584,USAP
1160308,SVRA
926423,MIND
1096376,NTRI
1441683,APPN
1631596,KREF
1698990,MGY
1058867,GNTY
1690881,ASV
1651052,FOCS
1404281,ELDN
1686850,MOTS
1138978,NVOS
1690334,SMHI
1593548,AGS
1300699,ATNX
868278,PRPH
932696,NSIT
1351636,SSTI
1701051,WOW
1616533,SGH
1532286,NINE
927761,MYMX
913760,SNEX
934648,TRK
933034,STRT
935493,WVWCQ
1702750,BY
935703,DLTR
1531031,ESQ
935494,NATI
1701114,APRN
1442836,MRSN
716634,RDI
1420565,ALRN
1685071,DOVA
1140859,ABC
937941,PCMI
1046203,GFED
1132651,ATLO
1403475,BMRC
1685040,BHF
943034,AATC
1707092,DLPH
1369290,MYO
1544206,CGBD
1705682,VNTR
1699039,RNGR
940944,DRI
1644963,ATXI
943819,RMD
743367,BHB
1568162,RTL
1676047,NTRB
1749704,AGTI
1688852,SAFE
1630472,TRTX
1703644,GPMT
27093,USAU
1479419,KALA
1620179,XELA
1043961,PRPO
1382821,RDFN
1701605,BKR
1689796,JBGS
1703497,YOGAQ
1708410,WINR
1668673,PETQ
1704760,AVCT
1699018,EFBI
1612720,NEXT
1626199,ALPN
1703489,PDLB
1595248,GNPX
1183765,MTEM
949858,ACHV
1708405,TRMT
1704235,QES
1585608,JAGX
1679063,CSSE
1680048,MBIO
1711279,KRYS
1709164,HBB
1527599,SYBX
1710366,CEIX
1711675,NITE
1513525,ADIL
1661053,NVNO
1494650,OPTN
1558583,FUV
1069308,ACER
1710583,SWCH
1476034,MCB
1316016,AQ
1701108,SPRO
1704711,FNKO
1624658,ALNA
1514416,BAND
1710155,EYE
1705696,VICI
1705012,FAT
1604950,SCPH
1604643,AQUA
1629019,MBIN
1680062,ACMR
1627857,SAIL
1711012,AIHS
1709768,STNL
1645460,CUE
1576942,SFIX
1680379,SBT
1690680,NMRK
1717307,ILPT
1475348,LBC
1333986,EQH
1647088,WSC
1714899,DNLI
1503274,QTRX
1717452,ODTC
1723866,SIC
1083446,AMEH
1533743,PCSA
1394056,OSS
1418100,AVYA
1035354,ELOX
1682639,EYEN
1718512,GTES
1707502,SLDB
1720353,NEBU
1720580,TORC
1390478,SLS
1281895,RCKT
1570562,EOLS
1703056,ADT
1666071,CDLX
1699136,WHD
1720893,BTAI
1173281,NBSE
1719893,MTEC
1713683,ZS
1086745,DCAR
1551986,NMTR
1723596,CLBK
1643953,PRPL
72444,VXRT
1341317,BWB
1724521,RCUS
1662253,TIBR
1467623,DBX
1527728,ENOB
1713863,RFL
1423774,ZUO
1720116,RDVT
1661998,FIXX
1722684,WH
1412707,LEVL
1718108,SURF
1652362,IEA
1261333,DOCU
1499453,STXB
1463361,UBX
1574135,PVTL
1726293,PACQ
1723089,CHX
1655888,ORCC
1124796,LASR
1726978,GSHD
1366527,CBLK
1718227,ROAD
1609550,INSP
1724670,PRSP
1694665,EVLO
1727196,SRRK
1725579,PS
1730430,KNSA
1522727,USAC
1659323,ITRM
1641631,XAIR
1696558,JRSH
1698530,XCUR
1712923,GSKY
1704596,EVOP
1722992,SMTA
1702924,WRAP
1662684,KULR
1703038,NRCG
1730346,CHRA
1660334,VRCA
923571,USX
1595585,TCDA
1693415,TBIO
1505952,DOMO
1560258,ECOR
1713832,HYRE
1645666,KZR
1734713,BV
1728688,IIIV
1731831,EIDX.
1674365,APTX
1733186,VNE
90896,SKY
1694187,NTGN
1664703,BE
1720592,RPAY
1437958,CCB
1667633,FTSV
1227636,STIM
1327607,MYFW
1735184,RVIC
1531152,BJ
1737953,REPL
1709401,RUBY
1564824,ALLK
1658247,CRNX
1434418,CNST
1736874,HCCH
1398733,AQST
1411690,BNGO
1695357,PRVB
1736946,ARLO
1314727,SONO
1688757,ESTA
1205922,VCNX
1740547,UROV
1716621,RMED
1614067,ARDS
1683695,IMXI
1739104,ELAN
810332,MESA
1743858,LOAC
1710340,ETON
1510487,PRNB
1703785,STR
1740332,REZI
1738827,KLXE
1382101,STRO
1475115,EB
1655759,ARVN
1711754,INMB
1656634,GRTS
1744895,CCC.4
1627475,UPWK
1576280,GH
1468748,KOD
1746129,BSVN
1722964,YMAB
1739936,MNTV
1739426,RVLP
1737287,ALLO
1729944,IMAC
1746466,EQ
1001614,REPX
1748252,DDMX.2
1459839,SIBN
1169245,PHAS
1707753,ESTC
1746037,ARYA.1
1682745,VRRM
1729756,FTAC
1253176,VAPO
1747009,ETRN
1751783,RBKB
1603756,AXNX
1630212,AVCO
1744894,SG.4
1682852,MRNA
1670349,USWS
1609727,THOR
1653247,WTRH
1728041,CFFA
1711786,HOTH
1728117,GOSS
1665300,PHUN
1708493,HARP
1750019,TCRR
1653087,ALEC
1644903,YCBD
1754301,FOXA
1343304,AVDR.1
1548187,SOLY
1769663,PBFS
1472091,PDSB
1642375,GHSI
1764711,PAAC
1697805,XYNO
1260990,ONCT
1755953,KERN
1634447,ISUN
1772177,KRUS
1615219,SLRX
1140102,HQI
1709682,CTOS
1043186,SLNG
1014739,OPCH
1708341,AESE
1768267,CRNC
1645469,MNPR
1772016,BRBR
1372299,OCGN
1706946,SPCE
1409269,VERO
1725255,AHCO
1719489,KLR
1701756,GRIL
746210,OBLG
1638287,NRBO
1359931,TARA
1720821,PAE
1738758,GSMG
1743725,GDYN
1080657,SQFT
1504167,TMBR
1751143,ATCX
1383701,HSTO
1698991,ACEL
1731289,NKLA
1419041,FBRX
1525759,FSKR
1708176,HOFV
1424182,BNL
1741231,TTCF
1720990,FSR
1402479,MDVL
1698113,ID
1758057,LAZR
1757932,RMO
1721386,LSEA
1178727,COMS
1431959,MMAT
876883,STGW
315858,BVH
1736035,BXSL
1653384,RWAY
944075,SCKT
1001082,DISH
1172222,HA
912061,NHTC
944314,LSI
945114,GIC
943452,WAB
1108236,AMRB
934549,ACTG
945983,WSTG
945384,CICN
944480,GVP
928465,DIT
946486,WINT
931148,EAF
1135185,AAWW
1295810,SHO
930420,KFRC
917520,IART
945394,SVC
892222,BREW
946454,BTN
948708,SMSI
893949,MD
949158,CRAY
1076930,NOVT
922621,ERIE
899923,MYGN
913144,RNR
944695,THG
945841,POOL
927066,DVA
946673,BANR
1000228,HSIC
1001258,ASFI
927003,AEIS
1001250,EL
1000298,IMH
1002047,NTAP
1001385,NWPX
1000694,NVAX
1091596,NUOTQ
877890,CTXS
1002517,NUAN
920112,HTLF
1003078,MSM
1002590,SGU
874766,HIG
1000229,CLB
1016504,INBP
861838,IDRA
4187,IDSA
933738,ENG
1034760,WYY
884269,APT
1168455,PLBC
1006045,IRIX
896429,CTLP
889971,LPTH
1005229,CMCO
920427,UNTY
38264,FORD
899866,ALXN
1005757,CSGS
887921,REV
1004989,SGRP
1020569,IRM
1005731,IDT
1447028,ABUS
1007330,PRGX
1005210,SPH
1438731,ALJJ
1006281,PLX
928340,CWCO
1006655,EPM
1006269,LORL
1051343,CWBC
824410,SASR
1008586,STRM
86312,TRV
909494,TCX
1010612,SYKE
1009829,JAKK
887936,FCN
887919,PFBI
1008654,TUP
914475,NBIX
1012019,RUSHA
1012477,AVDL
1011060,ASNB
895051,CASI
767405,SBFG
930775,ECIA
1012620,GWR
846617,DCOM
1013237,FDS
1010470,PROV
1127371,CVCY
1004702,OCFC
1012771,FFG
1013857,PEGA
1001601,MGTI
886744,GERN
1013880,TTEC
912463,GES
1006028,PURE
1015739,AWRE
1015780,ETFC
1017303,TACT
1003201,MMAC
315849,SGB
1018164,WLFC
916457,8356B
873860,OCN
1016169,ATRS
1013488,BJRI
1017480,HIBB
1019695,ARQL
945828,AMTY
1019849,PAG
896264,USNA
6885,SSINQ
1021162,TGI
1021860,NOV
830656,PBIO
1019671,SEAC
1006837,VATE
1022408,PLUS
1021561,NUS
1022671,STLD
1023313,FORR
797721,VSAT
1008653,EMAX
896493,NILE
1022079,DGX
1023128,LAD
1020710,DXPE
1024795,HLIO
16160,CALM
1000753,NSP
1025996,KRC
1020214,CERS
887359,VCEL
812011,MTN
936395,CIEN
1170010,KMX
1675820,TIVO
1019787,PFTI
891293,CTIC
764038,SSB
1173431,AMTD.
946581,TTWO
808326,EMKR
1034670,ALV
1011570,KNL
917273,RMBS
857855,UCBI
1035443,ARE
1604778,QRVO
1037038,RL
1036262,INTT
1023459,SLP
1037390,INDT
1035983,FIX
866829,HLX
1389050,AROC
1038133,HSKA
924515,GTHP
1023731,EGHT
882508,QUIK
1070985,CXW
1037976,JLL
1036188,QADA
1077771,UMPQ
909108,DHIL
1437578,BFAM
1038277,INIS
1040470,AEHR
1040971,SLG
1041803,PSMT
1000045,NICK
1010086,SIGA
1113256,MTOR
1040130,PETS
1041061,YUM
917491,FARO
1041859,PLCE
1023860,SSFN
1141807,FCCY
1043156,STRZ
1041514,LSAK
750686,CAC
1036044,INVE
1043219,NLY
70487,NRC
1043337,SRI
1039065,OSIS
1043277,CHRW
1046311,CHH
1042893,DRQ
1108967,OEG
1042729,MBWM
911177,CWST
1029730,LTS
1031203,GPI
1025953,NOVC
1037646,MTD
1412665,MOFG
1043509,SAH
835887,PGNX
1028954,SBBX
1004434,AMG
1001115,GEOS
1046327,RNWK
720154,NOTV
1011509,AUMN
883107,NANX
1005201,ASRT
913341,CFFI
1046257,INGR
833640,POWI
1209028,AAIC
1013272,NWFL
1431567,OVLY
1253317,OLBK
1074902,LCNB
1045425,RASFQ
1046050,TSBK
879635,MPB
1050825,SCS
740971,OPOF
1025378,WPC
719402,FXNC
1041024,RMTI
1014473,VRSN
1048268,IESC
1046568,PRDO
1049521,MRCY
1056943,PFIS
803164,COFS
711669,CBAN
1050377,CNXN
924717,SRDX
717806,FUSB
1052100,WDR
1049606,CIX
1044777,OSPN
1055726,INO
1056288,FHI
1748790,AMCR
1032975,LOGI
1513761,NCLH
1053507,AMT
1496443,PAYS
1130144,BSRR
1050797,COLM
922247,CYTH
744452,APDN
1325964,LWLG
1053369,ELTP
1083643,FBSS
316736,FPPP
1059784,GNBT
1134115,THM
1053584,MCBC
1734875,MSVB
1385849,UUUU
1050743,PGC
1094038,MRKR
1084384,TEUM
1022646,UPLCQ
1087456,UBOH
1083522,JSDA
1408534,FGBI
1052595,RLH
1029744,SOFO
1053352,HTBK
855874,TCFC
1056696,MANH
1047127,AMKR
740260,VTR
1052054,EVOL
1040850,AGTK
1039101,LLL.1
1054102,IDXG
1318220,WCN
1051627,AXTI
1061069,AWX
711772,CATC
1057379,HCKT
1057060,HZO
893847,HWBK
1050446,MSTR
706863,UNB
1075736,CXDO
826154,ORRF
1058290,CTSH
1528849,RH
765207,FNLC
1499832,TSQ
1058623,CMLS
702513,BOCH
1060391,RSG
932781,FCCO
707886,UCFC
792966,FMAO
921557,RBCAA
898770,SMED
1056358,MTEX
1060219,SAL
1051470,CCI
1035976,FNCB
1435064,CETX
1063537,RIBT
1065088,EBAY
1046995,EMAN
36506,MFNC
1066684,TGLO
1092796,SWBI
1069996,FNHC
1065078,NTIP
1068851,PB
1070423,PAA
1051251,0190A
50471,PCYG
1088034,USIO
827187,SNBR
1011432,CTEK
1070680,CFBK
1070296,FCAP
1071255,GDEN
1025835,EFSC
1063344,HT
1045810,NVDA
1062231,AXL
1073475,CZFC
1069157,EWBC
1521332,APTV
1073349,EPAY
1060349,GBL
56679,KFY
1018399,EBTC
1023364,AUTO
1075531,BKNG
1490906,CFFN
1078271,EXTR
1464343,ATLC
1066605,HSII
1070412,CNX
1041657,UONEK
1080056,TST
929008,WCC
1080340,LOAN
1075607,TCP
1073429,USCR
1048695,FFIV
1109546,PMBC
1082554,UTHR
1084332,SLNM
1078099,MEET
862831,FISI
1043604,JNPR
1084577,CYRN
1084961,ECPG
1065332,EGOV
1077688,HOFT
1275229,GMOLQ
1048477,BMRN
1069202,LII
1085869,PRFT
1084869,FLWS
1087423,RHT
1078075,NTCT
1086600,ARLP
1076682,PTE
1089907,SWKH
1066194,EGAN
1056386,INAPQ
1057083,PCTI
1075706,CIZN
1091907,WWE
1054721,BSQR
1089872,GAIA
1093691,PLUG
1077183,NEO
1089143,CLCT
1040896,IDN
1629210,PZG
1324424,EXPE
1080029,MYDP
1058811,IMMR
1094739,FNSR
704532,ONTO
1090872,A
1089511,ALSK
1095315,PFSW
1094285,TDY
1094810,MFSF
846475,ZYXI
1098972,AGEN
1038074,SLAB
1099800,EW
1096752,EPC
1033905,LMNX
1102934,CCMP
1478454,EBMT
1095565,HSTM
1099219,MET
1104855,SPRT
941685,IWSY
1062822,LXRX
1102993,LPSN
939767,EXEL
758938,QBAK
1040161,PXLW
1343034,TRCB
1173489,CEVA
836690,ISSC
1708055,RBBN
1104506,INSM
1102112,PACW
1111335,VC
1035267,ISRG
1109189,BASXQ
1100682,CRL
1099941,MVC
1058057,MRVL
1009759,CGRN
1101396,DLA
1101026,ZIVO
1101302,ENTG
1113232,ACLS
1069530,SAVA
1108320,SMTX
1109116,EVC
1110803,ILMN
1108205,CRIS
1114925,LTRX
1113481,MDCO
1101239,EQIX
836147,MBCN
1116942,TTMI
872912,DCTH
926617,AWH
1082038,DRRX
1114483,ITGR
1116132,TPR
1263762,SLCT
1092662,CEMI
1037016,NIHD
1290476,VBFC
1084554,LTBR
937098,TNET
1022652,INSG
1124140,EXAS
1084765,RGP
1035688,SEM.4
1121788,GRMN
1060736,SGEN
1123494,HBIO
1029142,DVAX
1161154,ETP
1070494,ACAD
1123360,GPN
1126975,MMP
1121484,OIS
1104485,NOG
1092289,TAT
1064728,BTU
817720,SYNA
1103982,MDLZ
926326,OMCL
1035092,SHBI
1137774,PRU
1467373,ACN
1492658,WMGI
946563,RVP
1211583,FENC
1069183,AXON
1101215,BFH
1140536,WTW
1277902,MVBF
1144519,BG
1120914,PDFS
1142750,AMN
1136869,ZBH
1072379,NWBO
1166003,XPO
1143513,GLAD
1156388,BGFV
1156039,ANTM
1326380,GME
105319,WW
721693,CREG
1071739,CNC
1126328,PFG
1158449,AAP
1144215,AYI
1141240,LQMT
1042776,PDM
892537,MANT
1159281,ALR
1157647,WNEB
1088856,CORT
1162461,CUTR
1120970,LODE
1158324,CCOI
1166388,VRNT
1175483,DS
1158463,JBLU
1228454,BCBP
1112920,GSB
1065280,NFLX
868271,SVBI
1169445,CPSI
1130713,OSTK
1167419,RIOT
1372020,GLDD
1106644,CPHI
1260221,TDG
1378453,TA
1039399,FORM
1056285,KIRK
1529113,INPX
1171759,RRGB
1117171,CBAT
1164863,NPO
1165002,WHG
1142417,NXST
1120193,NDAQ
1157762,CAAS
1133311,TZOO
1171825,CIT
1089063,DKS
1176334,MMLP
1179060,ENLK
1060822,CRI
1077428,TCBI
1185348,PRAA
1177702,SAIA
1084991,NGS
1168054,XEC
1136174,OTRK
1746109,BFC
1171486,NRP
1196298,NEPH
1159036,HALO
1158780,PSTI
947559,FBMS
1210708,HSON
1214816,AXS
1137883,BCLI
1122904,NTGR
1108827,QEP
1563855,SPHS
1174940,OGEN
1234006,GOOD
1213037,CRDF
1173204,CIDM
1258602,NNI
1157075,PMCB
1690666,XPER
1177394,SNX
1039828,AEL
1494904,GBLI
1515156,ADES
1223389,CONN
1008848,ACOR
1261654,UTI
1206264,TPX
1265131,HTH
1267238,AIZ
1267395,AHL
1257640,KRO
1423869,PCB
1308606,SRC
1224133,MCHX
1108524,CRM
1273685,NYMT
1213809,DYAI
1061983,CYTK
1295401,TBBK
1059262,SP
1278021,MKTX
1278027,BGS
1253986,ABR
1126741,GSIT
1141391,MA
1287032,PSEC
1652044,GOOGL
899460,MNKD
1289340,STXS
1289460,TXRH
1505732,BWFG
1289490,EXR
1289850,NURO
1280784,HTGC
1570585,LBTYK
1290900,CVGI
1211351,RTWIQ
1124941,BECN
1500213,SIFI.1
1080014,INVA
1173514,HY
1262823,WLK
1298946,DRH
1007019,JVA
884219,VVI
1130166,CYCC
1289308,ENS
1298675,CUBE
1297996,DLR
1379006,NNVC
1730984,BCML
1113809,BBW
1299139,TEAR
1299969,CHCI
1301787,BXC
1302028,MNTX
1300514,LVS
1301236,SOHO
1617242,KRNY
1578776,PBIP
1303942,BFIN
1287750,ARCC
1652106,PBBI
1289848,HURN
1305168,ARC
1304421,CNSL
1285785,MOS
1124524,CYRX
1297704,OHAI
1306830,CE
1296435,NP
1562463,INBK
1295947,PBH
1308208,ULH
1308547,DLB
1309108,WEX
1575360,FTDCQ
738214,AMTX
1725526,HPR
1288359,OTEL
1311370,LAZ
1299709,AX
1304280,HND1
1093557,DXCM
1226616,MNOV
1136352,CEQP
1598014,INFO
1171155,RLGT
1332551,ACR
1318008,ZUMZ
1318484,CTRN
1319161,WMG
1319229,TLP
778164,ALTO
1675192,OTTW
1286613,LINC
1317630,ITC1
1318568,EVRI
1322439,EGLE
1320461,CPS
1131312,ZNOG
1324189,TISUQ
1620459,JRVR
1326200,GNK
1228627,REXN
1323468,GLP
1324404,CF
1252849,CXP
1175151,CTSO
1320695,THS
1273441,GTE
1262976,CMPR
1317945,OFLX
1222840,RPAI
1265572,KONA
1051514,SSKN
1569994,WSBF
1722010,OPBK
1159167,IRBT
1618756,QSR
1364885,SPR
712034,ACCO
1100397,ADXSD
1324948,ROLL
1332349,BKD
1334978,CCO
820027,AMP
1236997,CPAH
1336047,BWP
867773,SPWR
1336917,UAA
1336920,LDOS
1331875,FNF
1337068,MGYR
1338065,DCP
1346980,CHAPQ
1133818,BPTH
1276187,ET
1514226,8550B
1339947,VIAB
1311538,ROX
943184,EVK
1334933,UEC
1340122,CLMT
1339605,HEES
1058090,CMG
1172631,SUNW
1136893,FIS
1341318,LSBK
1235468,LQDT
1347178,VNDA
1735828,LGCYQ
1314052,AVXL
1350102,ASTI
1350593,MWA
1004724,RHE
1326205,IGC
1350653,ATEC
1272830,VG
1239819,LUNA
1131554,SNCR
1648428,SQBGQ
1390162,HBMD
1212458,PFPT
1538263,HTBI
1349929,CGIX
1176309,ORMP
1530950,POST
1353283,SPLK
1540729,FELPQ
1236275,SSNT
1497253,ONVO
1540947,EQM
1539838,FANG
1534675,TGLS
1509892,GARS
1534701,PSX
1487198,ASPU
1237831,GMED
1373715,NOW
1264587,STML
1546417,BLMN
1327567,PANW
1543418,TMQ
1177609,FIVE
1434524,CLIR
1533040,PHIO
1538822,ROYTL
1354327,PGTI
1169561,CVLT
1356949,HWCC
1282648,BATL
1357204,DNKN
1357971,ESOA
1358356,LMST
1357615,KBR
1490630,RHNO
1487052,LTXB
1333493,EHTH
1158895,LMAT
1337013,INFU
1323648,ESXB
1282266,WINMQ
1350381,INWK
1364099,IPHS
1362004,ICFI
1360886,OSIR
1361658,TNL
1360901,EVR
1361937,HRST
1362988,AYR
1365135,WU
1341766,CELH
1362705,SNMP
1282224,DLPN
1364250,DEI
1359841,HBI
1274494,FSLR
1121702,YTEN
1160791,GORO
1113148,INFI
1325670,FRST
1370450,WLDN
1270436,COHN
7431,AWI
1367064,APLP
1368458,SBH
1360565,WFCF
1111928,IPGP
1368148,ATHX
1367644,EBS
1282631,NLST
1316644,AERO
1316517,KNDI
809248,TAST
1371489,III
1372807,PTMN
1368265,CLNE
1289636,PFIE
1483195,ORIT
1368622,AVAV
1356104,MLNX
1371782,MVO
1377630,NCMI
1375365,SMCI
1377789,AVNW
1378950,PRTS
1360214,HROW
1138723,ARAY
1382230,ESSA
1379785,BBDC
1381531,UFS
1381668,TFSL
1378590,BLIN
1358190,ITP
1314772,SUMR
1349436,SD
1383650,CQP
1383312,BR
1385613,GLRE
1401040,DMAC
1388430,CAI
1293282,TTGT
1378624,CBMG
1385508,OPNT
1383414,PNNT
1388319,USRM
1145197,PODD
1389545,NBY
1302350,JMP
1138639,INFN
1232524,JAZZ
1615418,BNCL
1386570,CDXC
1393612,DFS
1718405,HYMC
1320760,TSSI
1031093,SVBL
1393726,TIPT
1392972,PRO
894158,SYN
1326003,BKCC
1207074,VRTU
937556,MASI
1358071,CXO
1390844,WBC
1393883,DHX
1392091,BKEP
1411207,ALSN
1296205,ZAGG
1269026,SINT
1397187,LULU
1464790,RILY
1124610,VMW
1087294,CPIX
87050,NEON
1360530,VSI
1335105,LIXT
816761,TDC
1353970,CXDC
1412100,MHLD
1408198,MSCI
1397911,LPLA
1407623,ROIC
1401564,FFNW
1376139,CVI
1726126,EPSN
1384072,GRZZU
1606180,AACH
1399249,PZN
1403568,ULTA
1201792,APEI
1405073,AREXQ
1125376,ENSG
1396033,LL
1403256,SCU
1401521,UIHC
1427570,RSLS
1403853,NES
1409493,CIM
1410172,RBCN
1413507,SRCI
1397047,FPAY
1409171,TITN
1157408,LRN
1461755,ACBI
1409375,OESX
1406587,FOR
1415301,DFRG
1402829,ORN
1415404,SATS
1541119,SFBC
1120370,BWEN
1413898,DALN
1180145,CSII
1425565,RGSEQ
1410636,AWK
1574774,BEAT.2
1385818,AYTU
1382574,MEDS
1403161,V
1420800,ENOV
1403431,HCCI
744218,CLDX
1413329,PM
1417398,HI
1420302,LOGM
1739942,SWI
1516479,INSYQ
1421517,ERII
1404912,KKR
1423221,NX
1414475,WES.3
1217234,CDNA
1162194,LAB
1421461,IPI
1423689,AGNC
1426945,ECHO
1439095,MRC
1434588,LOPE
1550603,MLVF
1390312,BKJ
1414932,OCSL
1437071,IVR
1436126,MG
1368308,HPJ
1627014,BKI
1386301,RSSS
1267602,ALIM
1439288,ZWS
1378992,BERY
1440024,RRTS
1473597,STRI
1441849,CLDPQ
1442145,VRSK
1420720,IBIO
1730168,AVGO
1394156,SAUC
1351285,RST
1353487,TRNX
1435508,FSFG
1124804,MDRX
1309402,GPRE
1438231,DMRC
1449488,CCLP
1530249,FSBW
1441236,CLW
1524741,SLCA
1444307,ONCS
1305323,ZVO
907654,ABIO
1040719,DHCPQ
887247,ADMP
1527590,RC
1465885,WMC
1376321,CNET
1447051,TBNK
1468328,ADUS
1462418,ASPS
25743,TXMD
1464423,PMT
1468174,H
1262039,FTNT
1444363,GCAP
1395942,KAR
850261,SRNE
1467760,ARI
1472595,RCM
890447,VTNR
1460602,ORGS
1474735,GNRC
1465740,TWO
1466538,COWN
1460329,FLNT
1428205,ARR
1476150,TRNO
1411342,EFC
1158420,GGE
1477294,ST
1410098,CRMD
1473078,CHSP
1092699,SPSC
1325879,AVEO
1089531,KGJI
1474439,TNAV
1463972,VUZI
1449792,PPSI
1399855,NAUH
1469372,MSGN
860413,FIBK
1446847,IRWD
1287213,PLOW
1477246,SANW
1117297,QNST
1483510,EXPR
1386278,GDOT
1411906,AMPE
1374310,CBOE
1365101,PRMW.1
1487371,GNMK
1288469,MXL
1387467,AOSL
1476045,CLDT
1476765,GBDC
1227025,NPTN
1464963,FCRD
1481792,QUAD
1485469,TOWR
1286225,RP
1472787,FAF
1425287,WKHS
1568319,VLTC
1318605,TSLA
1482512,HPP
1492915,STND
1487101,KEYW
1488139,AMRC
1487952,VPG
1176373,TIER
1490892,COR
1495320,VRA
1486957,BWXT
319458,ENSV
1479094,STAG
1492426,HZNP
913277,CLAR
1559865,EVTC
1333822,LEDS
1497645,INN
1299130,PACB
1175535,WSR
1507964,KOR
1500217,AAT
1496099,NMFC
1492298,SBRA
1502034,GNCIQ
1401680,CSOD
1488039,ATOS
1432196,PGLC
1365038,LEAF
1498828,HHC
1487428,HRZN
1504008,BKU
1443646,BAH
1631825,PSDO
1427925,ACRX
1687221,REVG
1437557,LLEXQ
1487782,RVEN
1502377,CTGO
1425292,UAN
1434728,GWRS
1505413,VOC
1487712,AL
1490349,PFX
1501585,HII
1615817,CJ
1489096,THR
1392380,GEVO
1504461,NGL
1514281,MITT
1514705,SXC
1507385,VER
1584509,ARMK
1504619,PFLT
1506439,SHSP
827876,CLSK
1433607,NSPR
1279704,CLRB
1509470,SSSS
1617640,Z
1517401,SKIS
1399935,FRANQ
1158863,WAGE
1491419,LVO
1518621,ORC
1518715,HMST
1137091,PSIX
1512077,GEENQ
1466026,MSBI
1495231,IZEA
1490281,GRPN
1411685,VTGN
1463101,ENPH
1511737,UI
1403528,OAK
1145986,ASPN
1524025,TLYS
1274792,MACK
931059,RNVA
1360604,HTA
1463258,REGI
1443669,PRLB
1352010,EPAM
1525287,SRLP
1378718,WAIR
1522327,ENFC
1311241,IMI
1129260,VCRA
1493594,MTSI
1524931,CHUY
1527709,MCEP
1534992,FRGI
1528129,LPI
1528930,FRG
1527166,CG
1524472,XYL
1529377,ACRE
1529864,ENVA
1524223,MN
805928,AXGN
1499717,STAF
1528356,GNE
1430306,TNXP
1526952,WEBK
1526119,VSTM
1023994,SGBX
1533924,AMPY
1533932,WP
1466301,CLVS
1534504,PBF
1429260,FBIO
1408278,SYNC
1461993,MLNTQ
1237746,EIGI
1530721,CPRI
1526520,TRIP
1444706,XRDC
1575828,XPRO
1534525,XBIO
1661920,LONE
1021604,OTIVF
1095981,PSTV
1561680,TPH
1274173,JHG
1378140,OPTT
1279363,WCG
1280058,BLKB
1660734,TRTN
1692063,SNDR
1178670,ALNY
1142596,NUVA
1275187,ANGO
1235010,MNTA
1275014,UCTT
1283140,HEP
1275477,BMNM
1278752,AINV
1286043,KRG
1096056,LXFR
225211,TGHI
1603978,AQB
1337298,FF
1138776,GNMX
1634432,SBBP
1638381,NTEC
1489393,LYB
1211805,MYSZ
1579241,ALLE
1596993,LPG
1527469,ATH
1720635,NVT
1280776,IMUX
921114,ARMP
1326110,IBRX
